USE tst3
INSERT INTO City (City_Name, Country_Name) VALUES
	('Moscow', 'Russia'),            --1
	('Voronezh', 'Russia'),          --2
	('New York', 'USA'),             --3
	('Rome', 'Italy'),               --4
	('Kiev', 'Ukraine'),             --5
	('Luanda', 'Angola'),            --6
	('Buenos Aires', 'Argentina'),   --7
	('London', 'The United Kingdom'),--8
	('Cairo', 'Egypt'),              --9
	('Brasilia', 'Brazil'),          --10
	('Kazan', 'Russia'),             --11
	('Kazakhstan', 'Almati'),        --12
	('Saints-Petersburg', 'Russia')  --13
INSERT INTO Client_Info (Name, Surname, Email, Homecity_id) VALUES
	('Alex', 'Josh', 'AlJo@gmail.com', 3),                   --1
	('Alexandr', 'Josheph', 'Al@gmail.com', 4),              --2
	('Dmiitry', 'Dronov', 'DMDR@gmail.com', 1),              --3
	('Gumbo', 'Dumbo', 'gsas@gmail.com', 10),                --4
	('Aleksandr', 'Molozhavenko', 'sanek903.01@gmail.com',1),--5
	('Juan', 'Dase', 'jd@gmail.com', 7),                     --6
	('Alexey', 'Molovichko', 'Alex@gmail.com', 5),           --7
	('Ivan', 'Pilotov', 'Pilot@gmail.com', 2),               --8
	('Kaleb', 'Okva', 'KO@gmail.com', 9),                    --9
	('John', 'Brown', 'JB@gmail.com', 8),                    --10
	('Hills', 'Jeembo', 'HellaHillz@gmail.com', 6),          --11
	('Tveth', 'Debilov', 'Jija@jojj.com', 12),               --12
    ('Miron', 'Fyodorov', 'bm@gmail.com', 13),               --13
	('Mark', 'Markul', 'rapgod@gmail.com', 8),               --14
	('Roman', 'Lokimin', 'durachok@inbox.ru', 2),            --15
	('Gennady', 'Farafonov', 'ghostwriter@gmail.com', 1)     --16
INSERT INTO International_Passport (Int_Passnumber, Client_id) VALUES
	('12345A', 1), 
	('32212B', 2),
	('36645C', 1),
	('77842Z', 3),
	('12223X', 4),
	('78543Y', 5),
	('89045H', 6),
	('90129K', 7),
	('67234P', 8),
	('23123I', 9),
	('90853O', 10),
	('90853X', 11),
	('82853O', 12),
	('90853U', 13),
	('90853P', 14),
	('90853A', 15),
	('90855P', 16)
INSERT INTO Employee (Employee_Name, Employee_Surname, Employee_Phonenumber, City_id) VALUES
	('Alexander', 'Fyodorov', '8800553535', 1), --1
	('Fyodor', 'Ivashenko', '8800553536', 2),   --2
	('Iskander', 'Fyodorov', '8800553535', 11), --3
	('Alexey', 'Druganov', '8800553535', 1),    --4
	('Jack', 'Daniel', '12345665432', 8)        --5
INSERT INTO Transport (Description) VALUES
	('On foot'),     --1
	('Car'),         --2
	('Bus'),         --3
	('Train'),       --4
	('Plane'),       --5
	('Bicycle'),     --6
	('Tram'),        --7
	('Underground'), --8
	('Ship'),        --9
	('Spaceship')    --10
INSERT INTO Excursion_Company (Description, City_id) VALUES
	('Alfred.CO 2001', 3),    --1
	('Go.CO 2002', 1),        --2
	('Walk.CO 2003', 2),      --3
	('Pizza.CO 2001', 4),     --4
	('Chocolate.CO 2002', 5), --5
	('AGhs.CO 2007', 6),      --6
	('BrazilIce.CO 2004', 10),--7
	('LondonEye.CO 2006', 8), --8
	('Camel.CO 2008', 9),     --9
	('Tatar.CO 2003', 11),    --10
	('Messi.CO 2001', 7),     --11
	('AliAli.CO 2001', 12),   --12
	('PeterTheGreat 2002', 13)--13
INSERT INTO Journey (Start_Date, End_Date, Employee_id) VALUES
	('21/01/2015', '13/04/2015', 1), -- 1        1
	('20/04/2015', '14/06/2015', 2), -- 2        2
	('05/10/2015', '09/10/2015', 3), -- 3        3
	('26/11/2015', '11/12/2015', 4), -- 4        4 
	('12/01/2016', '14/01/2016', 5), -- 5        5
	('17/01/2016', '13/04/2016', 1), -- 6        6
	('16/05/2016', '18/05/2016', 2), -- 7        7
	('25/05/2016', '11/07/2016', 3), -- 8        8
	('03/08/2016', '15/08/2016', 4), -- 9        9
	('26/09/2016', '11/06/2017', 5), -- 10       10
	('03/07/2017', '14/08/2017', 1), -- 11       11
	('05/09/2017', '26/09/2017', 2), -- 12       12
	('11/10/2017', '19/10/2017', 3), -- 13       13
	('20/11/2017', '05/12/2017', 4), -- 14       14
	('19/12/2017', '31/12/2017', 5), -- 15       15
	('08/11/2017', '06/12/2017', 1), -- 16       16
	('05/01/2018', '12/01/2018', 2), -- 1 -- 2   17
	('25/01/2018', '23/02/2018', 3), -- 3 -- 4   18
	('08/03/2018', '26/03/2018', 4), -- 5 -- 6   19
	('27/03/2018', '08/05/2018', 5), -- 7 -- 8   20 
	('26/06/2018', '29/06/2018', 1), -- 9 -- 10  21
	('16/07/2018', '19/07/2018', 2), -- 11 -- 12 22
	('21/08/2018', '03/10/2018', 3), -- 13 -- 14 23
	('22/12/2018', '31/12/2018', 4), -- 15 -- 16 24
	('07/01/2019', '08/01/2019', 5), -- 1 -- 16  25
	('15/01/2019', '18/01/2019', 1), -- 2 -- 15  26
	('15/02/2019', '27/02/2019', 2), -- 3 -- 14  27
	('07/03/2019', '13/03/2019', 3), -- 4 -- 13  28
	('20/03/2019', '05/04/2019', 4), -- 5 -- 12  29 
	('25/04/2019', '10/05/2019', 5), -- 6 -- 11  30
	('23/05/2019', '31/05/2019', 1), -- 7 -- 10  31
	('02/09/2019', '12/09/2019', 2) -- 8 -- 9    32
INSERT INTO Sea (Description) VALUES
	('No sea nearby'),      --1
	('Black sea'),          --2
	('Azov sea'),           --3
	('Mediterranean sea'),  --4
	('Red sea')             --5 
INSERT INTO Hotel (Hotel_id, Description, City_id, Amount_Of_Stars, Sea_id, Cost_For_Person, Adress) VALUES
	(1,'MoscowCityHotel', 1, '5', 1, 2000, 'Moscow, Mocsow-city centre'),             --1
	(2,'Voronezh SupaHotel', 2, '2', 1, 100, 'Voronezh, Ulitsa Lenina 37'),           --2
	(3,'New York Hotel', 3, '5', 1, 3000, 'New Yourk, Ulitsa Putina 37'),             --3
	(4,'ItalyStar', 4, '5', 4, 1500, 'Rome, Podeda 23'),                              --4
	(5,'Hotel "Moskva"', 5, '4', 1, 1500, 'Kiev, Ulitsa Krimskya 18/4'),              --5
	(6,'Luanda Best Hotel', 6, '1', 1, 12, 'Somewhere on the fields of Luanda'),      --6
    (7,'Buenos Aires Messi Hotel', 7, '4', 1, 2500, 'Buenos Aires, football str. 21'),--7
	(8,'London Central Hotel', 8, '5', 1, 5000, 'Trafalgar square building 3'),       --8
	(9,'Cairo "Camel" Hotel', 9, '3', 1, 400, 'Heops Pyramid'),                       --9
	(10,'Big Forest Hotel', 10, '5', 1, 5600, 'Brasilia, Scary Lake'),                 --10
	(11,'Tatar Hotel', 11, '5',1,4000, 'Kazan, Ulitsa Lenina 67'),                     --11
	(12,'Almati Hotel', 12, '4', 1, 3500, 'Kazakhstan, Almati, Ulitsa Ruslana 23'),    --12
	(13,'Hotel Polustrovo', 13, '3', 1, 50, 'Prospect Metallistov, 23')                --13
INSERT INTO Ticket (Client_id, Purschase_Date, Transport_id, Cost, Journey_id, Destination_id, Depart_Date, Arrive_Date) VALUES
	(1, '21/01/2015', 5, 250, 1, 4, '21/01/2015', '22/01/2015'),     --1 --1
	(2, '20/04/2015', 5, 200, 2, 5, '20/04/2015', '21/04/2015'),     --2 --2
	(3, '04/10/2015', 4, 50, 3, 2, '05/10/2015', '05/10/2015'),      --3 --3
	(4, '20/11/2015', 5, 1000, 4, 11, '26/11/2015', '27/11/2015'),   --4 --4
	(5, '02/01/2016', 4, 50, 5, 13, '12/01/2016', '12/01/2016'),     --5 --5
	(6, '17/01/2016', 5, 1500, 6, 8, '17/01/2016', '18/01/2016'),    --6 --6
	(7, '13/05/2016', 5, 500, 7, 6, '16/05/2016', '17/05/2016'),     --7 --7
	(8, '24/05/2016', 5, 1000, 8, 3, '25/05/2016', '26/05/2016'),    --8 --8
	(9, '01/08/2016', 5, 1300, 9, 10, '03/08/2016', '04/08/2016'),   --9 --9
	(10, '20/09/2016', 5, 1500, 10, 9, '26/09/2016', '27/09/2016'),  --10 --10
	(11, '20/06/2017', 5, 1500, 11, 7, '03/07/2017', '04/07/2017'),  --11 --11
	(12, '01/09/2017', 5, 250, 12, 13, '05/09/2017', '06/09/2017'),  --12 --12
	(13, '09/10/2017', 5, 100, 13, 1, '11/10/2017', '12/10/2019'),   --13 --13
	(14, '10/11/2017', 5, 1500, 14, 9, '20/11/2017', '21/11/2017'),  --14 --14
	(15, '10/12/2017', 5, 1500, 15, 3, '19/12/2017', '20/12/2017'),  --15 --15
	(16, '01/11/2017', 4, 50, 16, 2, '08/11/2017', '09/11/2017'),    --16 --16
	(1, '03/01/2018', 5, 1500, 17, 5, '05/01/2018', '06/01/2018'),   --17 --1  2
	(2, '03/01/2018', 5, 1500, 17, 5, '05/01/2018', '06/01/2018'),   --17 --1  2
	(3, '20/01/2018', 5, 1500, 18, 8, '25/01/2018', '26/01/2018'),   --18 --3  4
	(4, '20/01/2018', 5, 1200, 18, 8, '25/01/2018', '26/01/2018'),   --18 --3  4
	(5, '01/03/2018', 5, 1000, 19, 12, '08/03/2018', '26/01/2018'),  --19 --5  6
	(6, '01/03/2018', 5, 1700, 19, 12, '08/03/2018', '26/01/2018'),  --19 --5  6
	(7, '20/03/2018', 5, 1500, 20, 6, '27/03/2018', '28/03/2018'),   --20 --7  8
	(8, '20/03/2018', 5, 500, 20, 6, '27/03/2018', '28/03/2018'),    --20 --7  8
	(9, '23/06/2018', 5, 1500, 21, 7, '26/06/2018', '27/06/2018'),   --21 --9  10
	(10, '23/06/2018', 5, 500, 21, 7, '26/06/2018', '27/06/2018'),   --21 --9  10
	(11, '10/07/2018', 5, 1500, 22, 10, '16/07/2018', '17/07/2018'), --22 --11  12
	(12, '10/07/2018', 5, 1500, 22, 10, '16/07/2018', '17/07/2018'), --22 --11  12
	(13, '10/08/2018', 4, 100, 23, 2, '21/08/2018', '22/08/2018'),   --23 --13  14
	(14, '10/08/2018', 5, 1000, 23, 2, '21/08/2018', '22/08/2018'),  --23 --13  14
	(15, '10/12/2018', 5, 1090, 24, 12, '22/12/2018', '23/12/2018'), --24 --15  16
	(16, '10/12/2018', 5, 1090, 24, 12, '22/12/2018', '23/12/2018'), --24 --15  16
	(1, '03/01/2019', 5, 1000, 25, 10, '07/01/2019', '08/01/2019'),  --25 --1  16
	(16, '03/01/2019', 5, 1500, 25, 10, '07/01/2019', '08/01/2019'), --25 --1  16
	(2, '10/01/2019', 5, 1000, 26, 3, '15/01/2019', '16/01/2019'),   --26 --2  15
	(15, '10/01/2019', 5, 1000, 26, 3, '15/01/2019', '16/01/2019'),  --26 --2  15
	(3, '10/02/2019', 5, 1000, 27, 9, '15/02/2019', '16/02/2019'),   --27 --3  14
	(14, '10/02/2019', 5, 1000, 27, 9, '15/02/2019', '16/02/2019'),  --27 --3  14
	(4, '06/03/2019', 5, 1000, 28, 8, '7/03/2019', '8/03/2019'),     --28 --4  13
	(13, '06/03/2019', 5, 1000, 28, 8, '7/03/2019', '8/03/2019'),    --28 --4  13
	(5, '06/03/2019', 5, 1000, 29, 4, '20/03/2019', '21/03/2019'),   --29 --5  12
	(12, '06/03/2019', 5, 1000, 29, 4, '20/03/2019', '21/03/2019'),  --29 --5  12
	(6, '20/04/2019', 5, 1000, 30, 1, '25/04/2019', '26/04/2019'),   --30 --6  11
	(11, '20/04/2019', 5, 1000, 30, 1, '25/04/2019', '26/04/2019'),  --30 --6  11
	(7, '20/05/2019', 5, 1200, 31, 13, '23/05/2019', '24/05/2019'),  --31 --7  10
	(10, '20/05/2019', 5, 1200, 31, 13, '23/05/2019', '24/05/2019'), --31 --7  10
	(8, '01/09/2019', 5, 1200, 32, 3, '02/09/2019', '03/09/2019'),   --32 --8  9
	(9, '01/09/2019', 5, 1200, 32, 3, '02/09/2019', '03/09/2019')   --32 --8  9
INSERT INTO Excursion (Journey_id, Excursion_Company_id, Excursion_Description, Start_Date, End_Date, Transport_id, Cost) VALUES
	(1,4,'Cool','22/01/2015','22/01/2015',1, 100),  --1
	(2,5,'Cool','21/04/2015','21/04/2015',2, 100),  --2
	(3,3,'Cool','05/10/2015','05/10/2015',3, 120),  --3
	(4,10,'Cool','27/11/2015','27/11/2015',4, 130), --4
	(5,13,'Cool','12/01/2016','12/01/2016',5, 100), --5
	(6,8,'Cool','18/01/2016','18/01/2016',6, 200),  --6
	(7,6,'Cool','17/01/2016','17/01/2016',7, 200),  --7
	(8,1,'Cool','26/05/2016','26/05/2016',8, 200),  --8
	(9,7,'Cool','04/08/2016','04/08/2016',9, 300),  --9
	(10,9,'Cool','27/09/2016','27/09/2016',10,120), --10
	(11,11,'Cool','04/07/2017','04/07/2017',1,120), --11
	(12,13,'Cool','06/09/2017','06/09/2017',2,120), --12
	(13,2,'Cool','12/10/2019','12/10/2019',3,130),  --13
	(14,9,'Cool','21/11/2017','21/11/2017',4,120),  --14
	(15,1,'Cool','20/12/2017','20/12/2017',5, 100), --15
	(16,3,'Cool','09/11/2017','09/11/2017',6, 123), --16
	(17,5,'Cool', '06/01/2018', '06/01/2018',7,500),--17
	(18,8,'Cool','26/01/2018','26/01/2018',8, 230), --18
	(19,12,'Cool','26/01/2018','26/01/2018',9, 230),--19
	(20,6,'Cool','28/03/2018','28/03/2018',10, 140),--20
	(21,11,'Cool','27/06/2018','27/06/2018',1, 640),--21
	(22,7,'Cool','17/07/2018','17/07/2018',2, 123), --22
	(23,3,'Cool','22/08/2018','22/08/2018',3,500),  --23
	(24,12,'Cool','23/12/2018','23/12/2018',4,400), --24
	(25,7,'Cool','08/01/2019','08/01/2019',5,210),  --25
	(26,1,'Cool','16/01/2019','16/01/2019',6,150),  --26
	(27,9,'Cool','16/02/2019','16/02/2019',7,230),  --27
	(28,8,'Cool','8/03/2019','8/03/2019',8,500),    --28
	(29,4,'Cool','21/03/2019','21/03/2019',9, 600), --29
	(30,2,'Cool','26/04/2019','26/04/2019',10,100), --30
	(31,13,'Cool','24/05/2019','24/05/2019',1, 200),--31
	(32,1,'Cool','03/09/2019','03/09/2019',2,240)   --32
INSERT INTO Hotel_Excursion (Hotel_id, Excursion_id) VALUES
	(4,1),
	(5,2),
	(2,3),
	(11,4),
	(13,5),
	(8,6),
	(6,7),
	(3,8),
	(10,9),
	(9,10),
	(7,11),
	(13,12),
	(1,13),
	(9,14),
	(3,15),
	(2,16),
	(5,17),
	(8,18),
	(12,19),
	(6,20),
	(7,21),
	(10,22),
	(2,23),
	(12,24),
	(10,25),
	(3,26),
	(9,27),
	(8,28),
	(4,29),
	(1,30),
	(13,31),
	(3,32)	
INSERT INTO Journey_Client_Info (Journey_id, Client_id) VALUES
	(1,1),
	(2,2),
	(3,3),
	(4,4),
	(5,5),
	(6,6),
	(7,7),
	(8,8),
	(9,9),
	(10,10),
	(11,11),
	(12,12),
	(13,13),
	(14,14),
	(15,15),
	(16,16),
	(17,1),
	(17,2),
	(18,3),
	(18,4),
	(19,5),
	(19,6),
	(20,7),
	(20,8),
	(21,9),
	(21,10),
	(22,11),
	(22,12),
	(23,13),
	(23,14),
	(24,15),
	(24,16),
	(25,1),
	(25,16),
	(26,2),
	(26,15),
	(27,3),
	(27,14),
	(28,4),
	(28,13),
	(29,5),
	(29,12),
	(30,6),
	(30,11),
	(31,7),
	(31,10),
	(32,8),
	(32,9)	
INSERT INTO Journey_Hotel (Journey_id, Hotel_id) VALUES
	(1,4),
	(2,5),
	(3,2),
	(4,11),
	(5,13),
	(6,8),
	(7,6),
	(8,3),
	(9,10),
	(10,9),
	(11,7),
	(12,13),
	(13,1),
	(14,9),
	(15,3),
	(16,2),
	(17,5),
	(18,8),
	(19,12),
	(20,6),
	(21,7),
	(22,10),
	(23,2),
	(24,12),
	(25,10),
	(26,3),
	(27,9),
	(28,8),
	(29,4),
	(30,1),
	(31,13),
	(32,3)
INSERT INTO Phone_Number (Phone_Number, Client_id, Excursion_Company_id, Hotel_id) VALUES
	(99293237386,1,NULL,NULL),
	(72209439301,2,NULL,NULL),
	(18333162533,3,NULL,NULL),
	(11805847369,4,NULL,NULL),
	(18250018482,5,NULL,NULL),
	(64107443392,6,NULL,NULL),
	(87225095472,7,NULL,NULL),
	(11927794664,8,NULL,NULL),
	(38401319418,9,NULL,NULL),
	(58123798378,10,NULL,NULL),
	(43366785597,11,NULL,NULL),
	(69478445666,12,NULL,NULL),
	(99575015447,13,NULL,NULL),
	(79254280860,14,NULL,NULL),
	(15487412942,15,NULL,NULL),
	(65378613150,16,NULL,NULL),
	(47550049921,NULL,1,NULL),
	(61503128581,NULL,2,NULL),
	(25945485589,NULL,3,NULL),
	(13756623492,NULL,4,NULL),
	(90119873773,NULL,5,NULL),
	(49230045620,NULL,6,NULL),
	(25626879556,NULL,7,NULL),
	(28949624799,NULL,8,NULL),
	(63374488636,NULL,9,NULL),
	(81764486061,NULL,10,NULL),
	(52794472500,NULL,11,NULL),
	(18537937890,NULL,12,NULL),
	(42352924743,NULL,13,NULL),
	(77754798944,NULL,NULL,1),
	(58502461347,NULL,NULL,2),
	(25855584194,NULL,NULL,3),
	(62175456309,NULL,NULL,4),
	(21135063555,NULL,NULL,5),
	(96846220435,NULL,NULL,6),
	(16375653405,NULL,NULL,7),
	(84436848594,NULL,NULL,8),
	(78153453684,NULL,NULL,9),
	(31106086943,NULL,NULL,10),
	(28442781089,NULL,NULL,11),
	(22512949796,NULL,NULL,12),
	(78160890813,NULL,NULL,13)



	   